Name,Brightness,Face Area,FocusMeasure,Eyes Distance,Eyes Present,Mouth Distance,Mouth Present,Sunglass Present,Eyeglass Value,Gender Value,Eyes Open,Moustache Present,Beard Present,Emotion1_Name,MatchScore,Quality
Abdoulaye_Wade_0003.jpg,26.187,30.335,7.957,0.1258,1,0.0991,2,1,1,1,1,1,1,1,3,1
Adam_Scott_0002.jpg,35.117,26.089,85.503,0.1765,2,0.1425,2,1,1,1,2,1,1,6,1.273,1
Adolfo_Rodriguez_Saa_0002.jpg,37.303,23.04,188.707,0.1719,2,0.1723,2,1,1,1,2,1,1,1,1.862,1
Al_Gore_0008.jpg,41.863,21.587,93.114,0.1532,2,0.1541,2,1,1,1,1,1,2,0,1.162,1
Aldo_Paredes_0002.jpg,18.804,33.819,204.691,0.145,2,0.0969,2,1,1,1,1,1,1,2,1.628,1
Alec_Baldwin_0003.jpg,31.891,18.556,154.294,0.134,2,0.107,2,1,2,1,1,1,1,1,1.21,1
Alejandro_Avila_0003.jpg,26.518,33.284,173.489,0.1606,2,0.1139,2,1,1,1,2,2,2,5,1.389,1
Amelie_Mauresmo_0002.jpg,45.189,29.326,135.854,0.1627,2,0.1416,2,1,1,1,2,1,1,0,0.99,1
Amelie_Mauresmo_0014.jpg,38.164,24.541,183.442,0.1616,2,0.1379,2,1,1,1,2,1,1,1,1.419,1
Ana_Palacio_0001.jpg,50.953,24.541,309.557,0.1729,2,0.1352,2,1,1,2,2,1,1,3,0.996,1
Andre_Agassi_0001.jpg,54.674,18.556,188.168,0.1482,2,0.1195,2,1,1,1,2,1,1,1,1.172,1
Andrew_Bunner_0002.jpg,53.906,26.089,421.243,0.1785,2,0.1734,2,1,1,1,2,1,1,1,0.986,1
Andy_Roddick_0005.jpg,38.444,19.09,90.175,0.1766,2,0.1379,2,1,1,1,2,2,1,1,1.186,1
Angela_Bassett_0003.jpg,22.592,23.635,179.063,0.1432,2,0.1229,2,1,2,1,2,2,2,4,2.116,1
Angelina_Jolie_0011.jpg,37.64,20.181,734.227,0.1396,2,0.1352,2,2,2,2,2,1,1,1,1.047,1
Anna_Kournikova_0002.jpg,39.825,21.444,123.216,0.1432,2,0.1338,2,1,1,2,2,1,1,1,0.979,1
Anna_Kournikova_0003.jpg,43.716,12.96,241.895,0.1274,1,0.0972,2,1,1,2,2,1,1,1,1.172,1
Anna_Kournikova_0004.jpg,42.439,20.458,111.274,0.1576,2,0.1245,2,1,1,2,2,1,1,1,1.464,1
Anna_Kournikova_0005.jpg,49.224,9.279,112.529,0.1136,1,0.0846,1,1,1,2,2,1,1,6,3,1
Anna_Kournikova_0006.jpg,38.041,26.404,108.9,0.1686,2,0.1281,2,1,1,2,2,1,1,1,1.104,1
Ari_Fleischer_0005.jpg,63.82,29.997,54.507,0.1944,2,0.1775,2,1,2,1,2,1,1,1,1.005,1
Arlen_Specter_0003.jpg,50.382,51.398,56.546,0.2339,2,0.164,2,1,1,1,1,1,1,5,3,1
Arnaud_Clement_0002.jpg,33.394,17.511,423.325,0.1449,2,0.107,2,1,2,1,2,2,2,5,1.108,1
Arnold_Schwarzenegger_0008.jpg,24.706,21.302,298.593,0.1713,2,0.1448,2,2,2,1,2,1,1,1,1.098,1
Arnold_Schwarzenegger_0018.jpg,55.636,24.541,78.028,0.1528,2,0.1618,2,1,1,1,2,1,1,1,1.014,1
Arnold_Schwarzenegger_0029.jpg,33.983,21.302,151.936,0.1477,2,0.1481,2,2,1,1,2,1,1,1,1.478,1
Aung_San_Suu_Kyi_0002.jpg,41.41,24.237,307.382,0.1616,2,0.136,2,1,1,2,2,1,1,3,1.203,1
Ben_Curtis_0003.jpg,38.373,25.464,185.749,0.1596,2,0.132,2,1,1,1,1,1,1,1,1.225,1
Beth_Jones_0002.jpg,45.676,25.931,85.341,0.1784,2,0.1382,2,1,1,2,1,1,1,5,3,1
Bill_Frist_0004.jpg,40.341,26.404,89.103,0.1883,2,0.135,2,1,1,1,2,1,1,2,1.068,1
Bill_Gates_0002.jpg,32.106,23.04,220.899,0.1479,2,0.1164,2,1,2,1,2,1,1,1,1.003,1
Billy_Crystal_0004.jpg,57.827,32.93,61.674,0.1795,2,0.1525,2,1,1,1,2,1,1,1,1.134,1
Bob_Hope_0002.jpg,28.2,27.04,793.588,0.1881,2,0.1734,2,1,1,2,2,1,1,1,2.677,1
Bob_Hope_0004.jpg,49.688,19.09,769.334,0.1341,2,0.1077,2,1,1,1,2,1,1,1,1.283,1
Bob_Huggins_0003.jpg,40.762,20.458,27.289,0.0853,1,0.0771,1,1,1,1,1,1,1,1,1.429,1
Brad_Garrett_0002.jpg,42.013,24.388,133.759,0.1766,2,0.1556,2,1,1,1,2,1,1,1,1.038,1
Brad_Johnson_0001.jpg,55.488,28.664,59.732,0.168,2,0.1306,2,1,1,1,2,1,1,1,1.026,1
Brad_Johnson_0004.jpg,44.08,27.04,129.816,0.1866,2,0.1462,2,1,1,1,1,1,1,1,1.005,1
Bridgette_Wilson-Sampras_0001.jpg,53.003,27.361,436.866,0.1787,2,0.1457,2,1,1,2,2,1,1,1,1.281,1
Bridgette_Wilson-Sampras_0003.jpg,25.325,25.464,169.371,0.1468,2,0.1096,2,1,1,1,2,1,1,1,1.18,1
Bruce_Springsteen_0004.jpg,48.28,24.846,95.819,0.1802,2,0.1871,2,1,1,1,1,1,1,1,1.148,1
Candice_Bergen_0001.jpg,50.51,12.63,193.956,0.127,1,0.1254,2,2,2,2,2,1,1,1,1.064,1
Carl_Reiner_0002.jpg,60.71,27.684,256.051,0.1504,2,0.1567,2,1,1,1,2,1,1,1,1.339,1
Carlos_Moya_0009.jpg,43.422,27.684,108.349,0.1714,2,0.1386,2,1,1,1,2,1,1,6,1.132,1
Carlos_Vives_0001.jpg,42.181,22.453,145.366,0.17,2,0.1474,2,1,1,1,2,1,1,1,1.348,1
Carson_Daly_0002.jpg,33.137,25.464,116.616,0.1612,2,0.0901,1,1,1,1,2,1,1,2,1.479,1
Catherine_Zeta-Jones_0011.jpg,28.16,25.154,57.673,0.1599,2,0.1195,2,2,2,2,2,1,1,3,1.183,1
Celine_Dion_0003.jpg,56.594,23.635,118.069,0.1961,2,0.1656,2,1,1,2,2,2,1,1,1.108,1
Celine_Dion_0008.jpg,49.63,18.556,60.996,0.1638,2,0.1207,2,1,1,2,2,1,1,1,1.001,1
Cesar_Maia_0002.jpg,44.652,27.04,180.327,0.1527,2,0.1066,2,1,1,1,2,1,1,0,1.488,1
Charles_Bronson_0001.jpg,36.414,23.635,65.417,0.1573,2,0.1262,2,1,1,1,2,2,2,1,0.998,1
Charles_Moose_0009.jpg,38.811,26.089,505.154,0.1776,2,0.1434,2,1,1,1,1,1,1,1,1.218,1
Charles_Moose_0011.jpg,27.816,25.464,9.688,0.1758,2,0.1346,2,1,1,1,2,1,1,6,1.359,1
Charles_Schumer_0002.jpg,32.563,23.635,195.168,0.1544,2,0.1248,2,1,1,1,2,1,1,0,1.041,1
Claudia_Pechstein_0003.jpg,50.032,21.019,181.051,0.167,2,0.1627,2,2,2,1,1,1,1,1,1.512,1
Claudia_Pechstein_0005.jpg,45.574,18.822,163.225,0.1608,2,0.1632,2,2,2,1,2,1,2,1,3,1
Colin_Farrell_0003.jpg,48.179,28.009,239.947,0.1634,2,0.1348,2,1,1,1,2,2,2,2,2.069,1
Colin_Montgomerie_0004.jpg,38.721,23.635,76.015,0.1769,2,0.1468,2,1,1,1,1,1,1,6,3,1
Colin_Powell_0048.jpg,40.345,41.553,104.986,0.2028,2,0.1592,2,1,1,1,2,1,1,6,1.779,1
Colin_Powell_0068.jpg,40.286,29.326,143.359,0.1393,2,0.1052,2,1,1,1,2,1,1,1,1.93,1
Colin_Powell_0206.jpg,42.627,32.754,188.428,0.199,2,0.158,2,1,1,1,2,1,1,4,1.431,1
Darrell_Porter_0002.jpg,63.886,23.485,129.135,0.1861,2,0.1254,2,1,2,1,2,1,1,2,1.466,1
Darren_Clarke_0002.jpg,48.439,14.207,193.798,0.1529,2,0.1183,2,1,1,1,2,1,1,1,1.821,1
David_Nalbandian_0002.jpg,55.974,19.09,81.278,0.1424,2,0.1415,2,1,1,1,2,1,1,1,1.184,1
Dick_Vermeil_0002.jpg,45.444,25.464,220.724,0.1791,2,0.1458,2,1,2,1,1,1,1,1,1.204,1
Dominique_de_Villepin_0007.jpg,31.967,44.581,138.721,0.0799,1,0.0894,1,1,1,2,1,1,1,2,1.817,1
Donald_Rumsfeld_0074.jpg,35.233,30.335,104.544,0.1642,2,0.1528,2,1,1,1,2,1,1,4,1.433,1
Donald_Rumsfeld_0086.jpg,54.364,24.693,146.892,0.165,2,0.131,2,1,1,1,1,1,1,1,0.996,1
Donald_Rumsfeld_0115.jpg,45.821,28.335,137.603,0.1647,2,0.1421,2,1,1,1,1,1,1,1,3,1
Donatella_Versace_0003.jpg,58.656,17,645.18,0.125,1,0.1129,2,1,1,2,2,1,1,1,1.071,1
Doug_Duncan_0002.jpg,46.082,27.04,60.825,0.1573,2,0.1413,2,1,1,1,1,1,1,1,2.031,1
Ed_Rosenthal_0003.jpg,48.433,28.009,649.486,0.1702,2,0.148,2,1,2,1,1,1,1,1,1.296,1
Ed_Smart_0002.jpg,28.228,28.994,138.808,0.1665,2,0.1775,2,1,1,1,1,1,1,1,0.986,1
Edie_Falco_0002.jpg,44.662,21.587,111.22,0.178,2,0.1706,2,1,1,2,1,1,1,1,1.044,1
Elin_Nordegren_0002.jpg,59.86,18.822,745.591,0.1551,2,0.1314,2,1,1,2,2,1,1,1,1.001,1
Elisabeth_Schumacher_0002.jpg,49.614,30.675,798.108,0.1827,2,0.1277,2,1,1,2,2,1,1,3,3,1
Elizabeth_Hurley_0001.jpg,35.817,19.905,188.623,0.1576,2,0.1095,2,2,2,2,2,1,1,6,1.173,1
Ellen_DeGeneres_0002.jpg,44.313,31.016,191.632,0.1875,2,0.1748,2,1,1,2,2,1,1,6,2.022,1
Elton_John_0007.jpg,52.482,16.747,346.603,0.1434,2,0.1131,2,1,2,1,2,1,1,6,1.066,1
Eric_Clapton_0002.jpg,49.076,26.404,267.783,0.1673,2,0.1313,2,1,1,1,1,1,1,6,0.986,1
Erika_Harold_0003.jpg,34.297,21.874,300.847,0.125,1,0.1235,2,1,1,2,1,1,1,1,2.064,1
Ethan_Hawke_0004.jpg,45.648,23.336,380.892,0.1716,2,0.1515,2,1,1,2,2,1,1,1,2.135,1
Evander_Holyfield_0002.jpg,30.941,32.227,83.1,0.1836,2,0.16,2,1,1,1,1,1,1,1,1.182,1
Federico_Trillo_0001.jpg,44.396,21.587,63.317,0.1268,1,0.1071,2,1,1,1,1,1,1,1,1.016,1
Felix_Mantilla_0002.jpg,38.229,22.018,115.166,0.1645,2,0.1127,2,1,2,1,2,2,2,5,1.388,1
Fernando_Gonzalez_0003.jpg,37.243,20.181,391.5,0.1935,2,0.1507,2,1,2,1,2,1,1,0,1.566,1
Flavia_Delaroli_0002.jpg,48.243,22.746,207.024,0.1672,2,0.1745,2,1,1,2,2,1,1,1,1.219,1
Flor_Montulo_0002.jpg,34.861,22.453,102.69,0.1688,2,0.1484,2,1,1,2,2,1,1,1,1.034,1
Frank_Dunham_Jr_0002.jpg,37.565,22.746,102.03,0.1366,2,0.102,2,1,2,1,1,1,1,6,2.025,1
Franko_Simatovic_0002.jpg,53.58,26.404,53.068,0.1735,2,0.13,2,1,1,1,1,1,1,6,1.06,1
Franz_Beckenbauer_0002.jpg,40.47,32.402,80.57,0.1723,2,0.1444,2,1,1,1,2,1,1,1,1.17,1
Franz_Fischler_0001.jpg,58.91,25.775,57.797,0.1391,2,0.1209,2,1,2,1,1,1,1,1,1.071,1
Gabriel_Valdes_0002.jpg,46.764,20.738,121.615,0.1606,2,0.1355,2,1,1,1,2,1,1,1,1.497,1
Geno_Auriemma_0002.jpg,39.101,29.997,368.985,0.1906,2,0.1643,2,1,1,1,2,1,1,1,1.455,1
George_HW_Bush_0002.jpg,55.114,25.464,109.348,0.1342,2,0.1143,2,1,1,1,1,1,1,1,3,1
George_Lopez_0002.jpg,31.64,24.541,330.445,0.1812,2,0.1462,2,1,1,1,2,1,1,2,1.127,1
George_W_Bush_0023.jpg,29.075,21.302,120.81,0.1503,2,0.0992,2,1,1,1,1,1,1,1,1.065,1
George_W_Bush_0056.jpg,50.937,22.162,260.522,0.1536,2,0.1061,2,1,1,1,1,1,1,5,0.99,1
George_W_Bush_0253.jpg,48.852,21.019,24.148,0.1302,2,0.112,2,1,1,1,2,1,1,1,2.073,1
George_W_Bush_0276.jpg,27.437,18.03,217.671,0.0838,1,0.0522,1,1,1,1,1,1,1,1,1.83,1
George_W_Bush_0369.jpg,55.339,24.237,287.98,0.1459,2,0.1241,2,1,1,1,2,1,1,5,0.995,1
George_W_Bush_0442.jpg,32.46,32.754,331.196,0.1608,2,0.1258,2,1,1,1,2,1,1,3,2.309,1
George_W_Bush_0447.jpg,41.399,24.846,453.009,0.1311,2,0.1155,2,1,2,1,1,1,1,5,1.801,1
George_W_Bush_0448.jpg,56.32,18.556,170.492,0.1428,2,0.0871,1,1,1,1,2,1,1,0,3,1
Gerhard_Schroeder_0076.jpg,47.65,22.162,392.482,0.1424,2,0.1292,2,1,1,1,1,1,1,1,1.628,1
Gerhard_Schroeder_0108.jpg,35.894,19.905,181.508,0.1135,1,0.0889,1,1,1,1,1,1,1,1,1.001,1
Gianna_Angelopoulos-Daskalaki_0003.jpg,33.02,19.632,285.303,0.1381,2,0.0996,2,1,1,1,2,1,1,0,2.623,1
Gloria_Macapagal_Arroyo_0035.jpg,27.438,24.541,236.182,0.1676,2,0.146,2,1,2,2,1,1,1,1,1.005,1
Gonzalo_Sanchez_de_Lozada_0010.jpg,54.542,22.162,84.422,0.1628,2,0.1318,2,1,1,1,2,1,1,1,1.692,1
Greg_Gilbert_0002.jpg,54.333,24.237,218.207,0.1618,2,0.151,2,1,1,1,2,1,1,1,1.037,1
Greg_Ostertag_0002.jpg,41.936,25.154,569.015,0.1436,2,0.1185,2,1,1,1,2,1,1,1,1.14,1
Guillermo_Coria_0025.jpg,39.482,22.162,576.131,0.1644,2,0.1403,2,1,1,1,2,1,2,1,1.09,1
Gustavo_Kuerten_0003.jpg,39.162,24.237,144.668,0.1559,2,0.1456,2,1,1,1,2,1,2,1,1.025,1
Guy_Hemmings_0002.jpg,38.915,24.693,45.242,0.1636,2,0.1337,2,1,1,1,2,1,1,4,1.035,1
Guy_Ritchie_0002.jpg,41.181,26.089,112.179,0.1746,2,0.1178,2,1,1,1,2,1,1,1,1.332,1
Hans_Blix_0003.jpg,39.261,20.181,423.158,0.1517,2,0.1146,2,1,2,1,2,1,1,3,1.455,1
Heidi_Fleiss_0002.jpg,32.423,26.404,148.591,0.1741,2,0.1473,2,1,2,2,2,1,1,1,1.119,1
Hootie_Johnson_0002.jpg,43.188,26.721,192.175,0.1755,2,0.1433,2,1,2,1,2,1,1,5,1.464,1
Horst_Koehler_0003.jpg,45.132,19.905,163.099,0.1178,1,0.0865,1,1,2,1,2,1,1,1,1.072,1
Howard_Smith_0002.jpg,31.387,16.371,88.1,0.1322,2,0.1091,2,1,2,1,2,1,1,6,1.025,1
Hugh_Grant_0008.jpg,42.479,26.721,289.655,0.1328,2,0.1033,2,1,1,1,2,2,2,1,2.063,1
Hugo_Chavez_0069.jpg,37.326,24.846,160.036,0.167,2,0.1662,2,1,1,1,1,1,1,1,1.286,1
Igor_Ivanov_0014.jpg,51.763,23.336,162.151,0.1234,1,0.1074,2,1,1,1,1,1,1,1,1.539,1
Jackie_Chan_0006.jpg,45.274,22.162,31.421,0.1457,2,0.1235,2,1,1,1,2,1,1,1,1.201,1
Jackie_Chan_0007.jpg,42.006,22.162,462.563,0.1603,2,0.105,2,1,1,1,2,1,1,2,1.125,1
Jacques_Chirac_0006.jpg,34.186,20.181,701.787,0.0374,1,0.02,1,1,1,1,1,2,2,0,3,1
Jacques_Chirac_0010.jpg,39.754,28.171,97.814,0.0461,1,0.0353,1,1,1,1,2,2,2,4,3,1
James_Cameron_0003.jpg,48.85,21.587,517.29,0.1471,2,0.1275,2,1,1,1,2,2,2,1,1.205,1
James_Jones_0002.jpg,43.123,32.227,269.242,0.175,2,0.134,2,1,1,1,2,1,1,1,1.005,1
James_McGreevey_0002.jpg,66.242,18.03,46.402,0.0974,1,0.0814,1,1,1,1,2,1,1,1,3,1
Jane_Pauley_0001.jpg,36.145,25.464,78.76,0.1689,2,0.1596,2,1,1,2,2,1,1,1,3,1
Javier_Weber_0001.jpg,21.795,32.053,46.962,0.1127,1,0.0991,2,1,1,1,2,2,2,1,1.215,1
Jennifer_Capriati_0008.jpg,51.294,18.556,208.969,0.1504,2,0.1511,2,1,1,2,2,1,1,1,1.411,1
Jennifer_Capriati_0011.jpg,34.42,24.541,120.236,0.1564,2,0.1088,2,1,1,0,2,1,1,0,1.049,1
Jennifer_Capriati_0031.jpg,38.219,32.93,66.623,0.1652,2,0.1378,2,1,1,2,2,1,1,1,3,1
Jennifer_Lopez_0019.jpg,57.975,28.828,317.398,0.1905,2,0.1807,2,1,1,2,2,1,1,1,1.046,1
Jeremy_Greenstock_0009.jpg,39.874,28.009,188.979,0.167,2,0.1105,2,1,1,1,2,1,1,1,1.062,1
Jesse_Ventura_0003.jpg,34.451,29.661,48.51,0.1807,2,0.1388,2,1,1,1,1,1,2,5,1.029,1
Jiang_Zemin_0001.jpg,41.605,21.874,366.201,0.143,2,0.1082,2,1,2,0,2,1,1,1,1.184,1
Jiang_Zemin_0004.jpg,50.143,22.746,732.059,0.1382,2,0.1559,2,1,2,2,2,1,1,1,1.078,1
Jiang_Zemin_0007.jpg,48.176,24.693,233.121,0.1139,1,0.1109,2,1,2,1,2,1,1,2,1.251,1
Jim_Carrey_0002.jpg,49.638,24.237,128.16,0.1416,2,0.1223,2,1,1,1,1,1,1,2,1.192,1
Jim_Carrey_0003.jpg,47.228,25.775,142.527,0.1748,2,0.1248,2,1,1,1,2,1,1,2,1.104,1
Jim_Harrick_0002.jpg,23.124,22.453,290.766,0.1387,2,0.1137,2,1,1,1,2,1,1,6,1.126,1
JJ_Redick_0002.jpg,42.973,31.36,143.753,0.1658,2,0.156,2,1,1,1,2,1,1,1,1.332,1
Joe_Gatti_0002.jpg,33.569,22.162,736.678,0.1528,2,0.1348,2,1,1,1,2,1,1,1,1.202,1
John_Allen_Muhammad_0006.jpg,23.489,25.775,228.882,0.1291,2,0.112,2,1,1,1,2,1,1,1,1.862,1
John_Howard_0017.jpg,41.827,23.336,85.548,0.1622,2,0.1447,2,1,1,1,2,1,1,0,1.073,1
John_Kerry_0012.jpg,60.186,20.738,103.346,0.1484,2,0.1422,2,1,1,1,1,1,1,1,1.096,1
John_Manley_0004.jpg,41.189,13.747,255.656,0.1477,2,0.1331,2,1,1,1,2,1,1,1,0.992,1
John_Manley_0006.jpg,43.224,21.587,63.906,0.1756,2,0.1671,2,1,1,1,1,1,1,1,0.971,1
John_McEnroe_0002.jpg,52.937,22.162,179.722,0.1336,2,0.1138,2,1,1,1,2,1,1,0,2.113,1
John_Taylor_0002.jpg,47.305,23.336,183.41,0.1703,2,0.1294,2,1,2,1,2,1,1,3,1.127,1
Johnny_Depp_0002.jpg,45.559,16,134.651,0.1626,2,0.1332,2,1,2,1,2,2,2,5,1.008,1
Jolanta_Kwasniewski_0002.jpg,29.513,26.089,199.18,0.1743,2,0.1311,2,1,1,2,2,1,1,1,1.281,1
Jonathan_Edwards_0002.jpg,46.993,20.319,191.11,0.1835,2,0.1681,2,1,1,1,2,1,1,1,1.157,1
Joseph_Ralston_0002.jpg,58.262,29.326,329.855,0.1542,2,0.1303,2,1,1,1,2,1,1,1,1.105,1
Julia_Tymoshenko_0001.jpg,62.988,22.746,43.46,0.1553,2,0.1117,2,1,1,1,2,1,1,2,1.39,1
Julia_Tymoshenko_0003.jpg,51.869,20.181,58.103,0.1612,2,0.1179,2,1,1,2,2,1,1,6,1.15,1
Julianne_Moore_0001.jpg,38.241,36,132.722,0.1784,2,0.1882,2,1,1,1,2,1,1,1,1.881,1
Julianne_Moore_0008.jpg,35.655,30.335,266.957,0.1732,2,0.1847,2,1,1,1,2,1,1,1,1.849,1
Julianne_Moore_0016.jpg,29.862,22.162,230.804,0.1517,2,0.1382,2,1,1,1,2,1,1,3,2.035,1
Junichiro_Koizumi_0001.jpg,49.78,23.635,307.774,0.1539,2,0.1174,2,1,1,1,2,1,1,3,2.45,1
Justin_Guarini_0001.jpg,46.077,20.181,97.106,0.1688,2,0.1293,2,1,1,2,1,1,1,1,1.719,1
Katherine_Harris_0002.jpg,29.325,19.09,150.354,0.1624,2,0.1502,2,1,1,2,1,1,1,1,2.132,1
Kathryn_Bigelow_0002.jpg,40.912,26.721,216.033,0.1768,2,0.1184,2,1,1,2,2,1,1,6,1.703,1
Keanu_Reeves_0005.jpg,36.533,25.464,81.696,0.1567,2,0.1312,2,2,1,1,1,1,1,1,1.131,1
Kim_Ryong-sung_0011.jpg,48.129,20.181,109.523,0.1429,2,0.1099,2,1,1,1,2,1,1,6,1.054,1
Kimi_Raikkonen_0002.jpg,53.547,24.541,580.699,0.1775,2,0.1349,2,2,2,1,2,1,1,1,1.101,1
Kirk_Ferentz_0002.jpg,33.27,18.03,56.236,0.1425,2,0.1029,2,1,1,1,2,1,1,3,1.089,1
Kobe_Bryant_0002.jpg,41.83,21.874,161.157,0.1632,2,0.1298,2,1,1,1,2,1,1,6,3,1
Kosuke_Kitajima_0002.jpg,23.024,22.746,213.86,0.1071,1,0.1066,2,1,1,1,2,1,1,1,1.856,1
Lance_Armstrong_0014.jpg,50.474,24.541,674.361,0.1518,2,0.1346,2,1,1,1,2,1,1,1,1.447,1
Lawrence_MacAulay_0002.jpg,44.738,18.292,154.421,0.1357,2,0.1171,2,1,1,1,2,1,1,1,1.133,1
Li_Peng_0004.jpg,39.602,22.746,501.309,0.1778,2,0.1469,2,1,2,1,1,1,2,1,1.089,1
Lily_Tomlin_0002.jpg,51.222,30.165,124.307,0.1815,2,0.1866,2,1,1,2,1,1,1,1,1.38,1
Lina_Krasnoroutskaya_0002.jpg,51.692,17.254,51.094,0.1505,2,0.1282,2,1,1,2,2,1,1,1,1.006,1
Lucio_Gutierrez_0007.jpg,40.955,32.578,42.417,0.1836,2,0.1642,2,1,1,1,2,1,1,1,1.165,1
Ludivine_Sagnier_0004.jpg,29.605,28.664,99.059,0.1835,2,0.1682,2,1,1,2,2,1,1,1,1.481,1
Luis_Horna_0002.jpg,41.373,18.822,137.02,0.14,2,0.1232,2,2,1,1,1,1,1,2,3,1
Luiz_Inacio_Lula_da_Silva_0044.jpg,49.06,22.307,111.369,0.1531,2,0.1327,2,1,1,1,1,1,2,1,1.415,1
Lynne_Cheney_0001.jpg,41.373,29.326,184.215,0.1674,2,0.1542,2,1,1,2,2,1,1,1,1.355,1
Mahmoud_Abbas_0012.jpg,52.079,19.905,100.282,0.1652,2,0.1781,2,1,1,1,2,2,2,1,1.173,1
Mahmoud_Abbas_0021.jpg,56.658,20.181,485.249,0.1522,2,0.112,2,1,2,1,1,1,1,5,1.904,1
Maria_Luisa_Mendonca_0002.jpg,20.468,23.934,74.336,0.1418,2,0.1347,2,1,1,1,2,1,1,1,2.276,1
Mario_Dumont_0002.jpg,51.179,22.453,101.765,0.1699,2,0.1247,2,1,1,1,2,1,1,1,1.263,1
Mark_Heller_0002.jpg,15.955,26.089,64.989,0.1668,2,0.1358,2,1,1,1,1,1,1,6,3,1
Mark_Richt_0002.jpg,41.097,22.162,182.865,0.1481,2,0.1581,2,1,1,1,1,1,1,1,1.346,1
Martin_Scorsese_0001.jpg,38.773,22.162,211.321,0.176,2,0.1541,2,1,1,1,2,1,1,1,1.843,1
Martina_McBride_0002.jpg,47.02,16.123,97.817,0.1601,2,0.1414,2,1,1,2,1,1,1,1,1.156,1
Meryl_Streep_0015.jpg,41.281,21.16,609.113,0.1806,2,0.1617,2,1,2,2,2,1,1,1,1.349,1
Michael_Capellas_0002.jpg,65.415,20.738,341.861,0.1499,2,0.1299,2,1,2,1,1,1,1,0,0.971,1
Michael_Leavitt_0002.jpg,49.264,28.664,496.323,0.1722,2,0.1319,2,1,1,1,2,1,1,1,0.985,1
Michael_Patrick_King_0002.jpg,58.501,22.746,452.122,0.175,2,0.1549,2,1,1,1,2,1,1,1,1.015,1
Michael_Schumacher_0003.jpg,32.757,27.361,157.775,0.1795,2,0.2029,2,1,1,1,2,1,1,1,1.147,1
Michael_Schumacher_0008.jpg,51.575,25.464,181.325,0.1733,2,0.1608,2,1,1,1,2,1,1,1,1.353,1
Michael_Schumacher_0011.jpg,50.034,19.632,248.625,0.1614,2,0.1051,2,1,1,1,2,1,1,2,1.089,1
Michael_Schumacher_0014.jpg,43.418,16.496,158.218,0.1358,2,0.0821,1,1,2,1,2,1,1,1,1.122,1
Michael_Schumacher_0015.jpg,44.998,19.09,41.107,0.1552,2,0.1091,2,1,1,1,1,1,1,6,0.978,1
Michel_Therrien_0002.jpg,51.865,23.935,250.847,0.1587,2,0.1291,2,1,1,1,2,1,1,1,0.973,1
Mick_Jagger_0002.jpg,38.546,21.019,154.466,0.157,2,0.1456,2,2,2,1,2,1,1,1,1.062,1
Mike_Myers_0007.jpg,59.713,23.635,134.086,0.1436,2,0.1444,2,1,1,1,2,1,1,1,1.114,1
Mike_Weir_0011.jpg,28.279,15.877,113.217,0.1444,2,0.1275,2,1,2,1,2,1,1,1,1.101,1
Mireya_Moscoso_0001.jpg,44.964,16.247,49.564,0.1542,2,0.1264,2,2,2,2,2,1,1,1,1.215,1
Mohammad_Khatami_0007.jpg,51.035,23.336,885.634,0.1594,2,0.1163,2,1,1,1,1,1,2,5,1.07,1
Mohammed_Al-Douri_0012.jpg,34.068,20.181,183.856,0.1572,2,0.121,2,1,1,1,2,1,1,1,0.978,1
Muammar_Gaddafi_0002.jpg,37.992,24.237,182.407,0.1578,2,0.1323,2,1,1,1,2,1,1,5,3,1
Mukesh_Ambani_0001.jpg,40.428,22.746,63.37,0.1941,2,0.1666,2,1,1,1,2,1,1,0,1.592,1
Nabil_Shaath_0002.jpg,47.746,59.172,102.379,0.2135,2,0.1565,2,1,2,1,1,1,2,1,3,1
Nadia_Petrova_0005.jpg,43.015,35.632,111.628,0.2192,2,0.1824,2,1,1,2,2,1,1,1,1.056,1
Nadine_Vinzens_0002.jpg,30.78,28.664,101.567,0.2002,2,0.1896,2,1,1,2,2,1,1,1,1.073,1
Naomi_Watts_0016.jpg,41.57,24.541,181.137,0.1761,2,0.1619,2,1,1,2,2,1,1,1,1.126,1
Naomi_Watts_0022.jpg,63.327,16.247,60.948,0.1322,2,0.1279,2,1,1,2,1,1,1,1,1.043,1
Nicole_Kidman_0006.jpg,43.936,30.335,148.153,0.1845,2,0.1494,2,1,1,2,2,1,1,1,1.635,1
Nicole_Kidman_0017.jpg,41.571,24.237,921.299,0.1594,2,0.1305,2,1,2,2,2,1,1,1,1.031,1
Nicole_Kidman_0019.jpg,36.553,33.462,110.933,0.1807,2,0.1121,2,1,1,2,2,1,1,6,1.424,1
Nora_Bendijo_0002.jpg,42.272,21.302,70.223,0.1616,2,0.1511,2,1,1,2,2,1,1,1,0.999,1
Norah_Jones_0008.jpg,33.315,27.361,84.494,0.1771,2,0.1616,2,1,1,2,2,1,1,1,1.071,1
Norah_Jones_0012.jpg,37.247,21.587,51.95,0.1693,2,0.11,2,1,1,2,2,1,1,5,1.094,1
Norah_Jones_0014.jpg,36.865,19.632,369.757,0.1667,2,0.1509,2,1,1,2,2,1,1,1,0.987,1
Norm_Coleman_0005.jpg,55.498,24.237,111.623,0.145,2,0.1275,2,1,1,1,1,1,1,1,0.975,1
Orlando_Bloom_0001.jpg,37.585,21.874,169.798,0.1727,2,0.1297,2,1,1,1,2,2,2,1,1.784,1
Ozzy_Osbourne_0002.jpg,32.496,19.905,194.861,0.1368,2,0.1192,2,1,1,2,2,1,1,1,1.086,1
Ozzy_Osbourne_0003.jpg,19.957,20.043,429.876,0.1206,1,0.1132,2,1,1,1,1,1,1,1,1.419,1
Pat_Burns_0002.jpg,39.164,28.994,164.734,0.144,2,0.0934,2,1,1,1,2,1,2,1,1.04,1
Patrick_Stewart_0002.jpg,45.486,31.36,148.539,0.152,2,0.1097,2,1,1,1,2,2,1,1,1.166,1
Patty_Schnyder_0003.jpg,46.16,26.88,399.038,0.1619,2,0.1401,2,1,1,2,2,1,1,5,1.05,1
Paul_Burrell_0008.jpg,48.407,29.997,393.65,0.1696,2,0.1368,2,1,1,1,2,1,1,1,2.239,1
Paul_ONeill_0009.jpg,47.608,28.335,116.215,0.1989,2,0.1544,2,1,1,1,1,1,1,5,1.102,1
Paul-Henri_Mathieu_0001.jpg,50.495,19.632,134.429,0.1594,2,0.1158,2,1,1,1,2,1,1,2,1.171,1
Paula_Zahn_0001.jpg,45.29,31.016,466.513,0.1772,2,0.1564,2,1,1,2,2,1,1,1,1.635,1
Pedro_Almodovar_0003.jpg,45.97,19.632,72.245,0.1629,2,0.1546,2,2,2,1,1,1,1,1,1.018,1
Philippe_Noiret_0002.jpg,41.357,21.019,207.23,0.1575,2,0.1101,2,1,1,1,1,1,1,6,3,1
Priscilla_Owen_0002.jpg,45.125,22.453,47.622,0.179,2,0.1531,2,1,1,2,2,1,1,1,1.499,1
Recep_Tayyip_Erdogan_0004.jpg,37.454,29.997,174.11,0.1234,1,0.1003,2,1,1,1,2,2,2,1,1.17,1
Ricardo_Lagos_0004.jpg,55.735,34.719,57.946,0.1539,2,0.1331,2,1,1,1,1,1,1,6,3,1
Richard_Branson_0002.jpg,53.115,30.335,284.149,0.1879,2,0.2031,2,1,1,1,1,1,2,1,1.02,1
Richard_Gere_0005.jpg,51.987,22.746,205.853,0.0648,1,0.0711,1,1,2,1,1,2,2,5,1.126,1
Richard_Krajicek_0002.jpg,31.67,25.154,284.803,0.1462,2,0.1472,2,1,1,1,2,1,1,1,1.158,1
Richard_Myers_0005.jpg,56.265,27.04,552.193,0.1654,2,0.1247,2,1,1,1,1,1,1,0,0.992,1
Richard_Myers_0017.jpg,60.309,41.355,139.157,0.2087,2,0.1642,2,1,1,1,2,1,1,1,1.12,1
Rick_Perry_0002.jpg,42.624,19.632,142.598,0.1724,2,0.1584,2,1,1,1,2,1,1,1,1.09,1
Robert_Evans_0003.jpg,41.626,17.511,689.709,0.1479,2,0.1148,2,1,2,1,2,1,1,1,1.217,1
Robert_Zoellick_0005.jpg,46.555,25.154,71.667,0.1781,2,0.1274,2,1,1,1,2,2,2,6,3,1
Rodrigo_Borja_0002.jpg,12.462,49.216,83.27,0.1573,2,0.1449,2,1,2,1,1,1,1,1,1.958,1
Rolandas_Paksas_0002.jpg,51.112,23.04,185.218,0.182,2,0.1835,2,1,1,1,2,1,1,1,1.222,1
Romano_Prodi_0005.jpg,38.07,18.292,223.312,0.1126,1,0.0822,1,1,2,1,2,1,1,1,1.015,1
Rudolph_Giuliani_0007.jpg,38.873,21.019,267.32,0.149,2,0.1237,2,1,2,1,2,1,1,1,3,1
Rudolph_Giuliani_0012.jpg,40.271,25.154,260.987,0.1794,2,0.1371,2,1,1,1,2,1,1,2,3,1
Rudolph_Giuliani_0018.jpg,39.025,18.689,469.994,0.1351,2,0.1081,2,1,1,0,2,1,1,1,1.796,1
Saeb_Erekat_0002.jpg,39.756,23.336,311.939,0.1637,2,0.1229,2,1,2,1,1,1,1,4,3,1
Sean_Patrick_OMalley_0003.jpg,44.623,12.96,86.5,0.1295,2,0.1128,2,1,1,1,1,1,1,1,3,1
Sebastian_Saja_0003.jpg,36.126,20.878,266.937,0.1415,2,0.0992,2,1,1,1,1,1,1,2,1.565,1
Sebastien_Grosjean_0002.jpg,41.743,19.905,410.89,0.1575,2,0.1378,2,1,1,1,2,1,2,1,0.972,1
Shane_Mosley_0002.jpg,29.833,29.326,283.358,0.2132,2,0.1889,2,1,1,1,2,2,2,1,1.074,1
Shane_Warne_0002.jpg,44.067,19.905,142.393,0.1572,2,0.1265,2,1,1,1,2,1,1,3,1.048,1
Shannon_OBrien_0002.jpg,47.757,24.237,330.123,0.1742,2,0.1592,2,1,1,2,2,1,1,1,0.991,1
Sharon_Stone_0001.jpg,47.672,19.905,364.561,0.1569,2,0.145,2,2,2,2,2,1,1,1,1.042,1
Silvia_Farina_Elia_0002.jpg,37.546,24.541,232.728,0.1451,2,0.1149,2,1,1,2,2,1,1,1,1.074,1
Silvia_Farina_Elia_0003.jpg,49.853,15.27,272.277,0.1391,2,0.1038,2,1,1,2,2,1,1,6,1.373,1
Silvio_Berlusconi_0016.jpg,54.822,26.404,45.509,0.1797,2,0.1617,2,1,1,1,1,1,1,1,1.071,1
Silvio_Berlusconi_0030.jpg,25.349,35.265,336.482,0.1877,2,0.1675,2,1,1,1,2,1,1,1,1.836,1
Stan_Heath_0002.jpg,40.56,39.014,98.207,0.1767,2,0.1316,2,1,1,1,2,1,1,1,0.986,1
Steffi_Graf_0001.jpg,34.583,26.404,60.722,0.1683,2,0.1338,2,1,1,2,2,1,1,1,1.623,1
Steffi_Graf_0004.jpg,32.022,24.237,192.844,0.1609,2,0.1271,2,2,2,2,1,1,1,1,0.998,1
Steve_Backley_0002.jpg,37.413,26.721,91.952,0.1663,2,0.1495,2,1,2,1,1,1,1,5,0.994,1
Steve_Spurrier_0002.jpg,46.689,36.742,48.004,0.1841,2,0.1811,2,1,1,1,1,1,1,1,1.077,1
Steven_Spielberg_0007.jpg,46.47,15.511,141.344,0.104,1,0.0652,1,1,1,1,2,2,1,1,1.477,1
Sue_Wicks_0002.jpg,44.955,21.587,106.917,0.1854,2,0.1345,2,1,1,2,2,1,1,6,1.148,1
Susan_Sarandon_0004.jpg,43.518,24.846,119.374,0.1513,2,0.1573,2,2,2,2,2,1,1,1,1.434,1
Sylvester_Stallone_0004.jpg,40.16,18.822,322.959,0.1534,2,0.1184,2,1,1,1,2,1,1,5,1.402,1
Taha_Yassin_Ramadan_0008.jpg,43.982,19.09,282.839,0.1657,2,0.113,2,1,1,1,1,2,1,1,1.367,1
Thomas_Birmingham_0002.jpg,25.894,15.27,47.758,0.1177,1,0.0865,1,1,1,1,1,1,1,6,3,1
Thomas_Bjorn_0002.jpg,32.259,21.587,195.895,0.1629,2,0.1334,2,1,1,1,2,2,1,1,1.009,1
Thomas_Wyman_0002.jpg,28.237,24.237,137.909,0.1552,2,0.1312,2,1,1,1,2,1,1,1,1.169,1
Tim_Chapman_0002.jpg,55.702,26.089,629.685,0.2035,2,0.1643,2,1,1,1,2,2,2,1,1.519,1
Tim_Henman_0005.jpg,49.606,25.154,30.827,0.1896,2,0.159,2,1,1,1,2,1,1,1,0.998,1
Tim_Henman_0017.jpg,36.349,21.874,78.007,0.1629,2,0.1555,2,1,1,1,2,1,1,1,1.014,1
Tom_Brady_0002.jpg,47.419,7.499,619.229,0.102,1,0.0759,1,1,1,1,2,1,1,6,1.942,1
Tom_Coverdale_0002.jpg,31.094,15.27,253.369,0.1408,2,0.1197,2,1,1,1,2,1,1,1,1.341,1
Tommy_Franks_0002.jpg,36.735,24.237,241.467,0.1618,2,0.1562,2,1,1,1,2,1,1,2,0.993,1
Tony_Blair_0069.jpg,43.988,24.846,111.023,0.1653,2,0.1886,2,1,1,1,2,1,1,1,1.348,1
Tony_Blair_0075.jpg,45.421,20.878,325.82,0.1391,2,0.1009,2,1,2,1,1,1,1,0,0.981,1
Tony_Blair_0090.jpg,46.691,26.089,283.438,0.1881,2,0.1632,2,1,1,1,2,1,1,1,1.522,1
Tony_Blair_0108.jpg,38.05,32.402,65.083,0.1659,2,0.1168,2,1,2,1,2,1,1,1,1.126,1
Tony_Blair_0110.jpg,37.368,24.846,217.312,0.1504,2,0.1229,2,1,1,1,2,1,1,2,0.975,1
Tracy_McGrady_0002.jpg,30.307,23.635,80.658,0.1739,2,0.1577,2,1,1,1,1,1,1,4,1.668,1
Trent_Lott_0014.jpg,57.603,20.458,276.176,0.1775,2,0.1361,2,1,2,1,2,1,1,2,1.012,1
Tung_Chee-hwa_0001.jpg,20.187,26.721,74.848,0.1437,2,0.1339,2,1,2,1,2,1,1,4,1.288,1
Uma_Thurman_0002.jpg,51.844,30.675,253.922,0.1976,2,0.1794,2,1,1,2,2,1,1,1,2.014,1
Victoria_Beckham_0001.jpg,38.914,26.721,70.032,0.1877,2,0.1654,2,1,1,2,2,1,1,1,1.502,1
Vladimir_Putin_0029.jpg,65.006,26.404,48.859,0.1576,2,0.1247,2,1,1,1,2,1,1,1,3,1
Vojislav_Kostunica_0001.jpg,34.713,24.541,58.854,0.1634,2,0.1231,2,1,1,1,2,1,1,3,1.165,1
Wang_Yingfan_0002.jpg,39.56,23.485,80.109,0.1624,2,0.1198,2,1,1,1,2,1,1,1,1.278,1
Winona_Ryder_0015.jpg,51.575,18.03,152.63,0.16,2,0.1139,2,1,1,2,2,1,1,1,2.095,1
Xanana_Gusmao_0005.jpg,39.511,31.706,54.835,0.1611,2,0.1107,2,1,1,1,1,2,2,1,1.084,1
Zarai_Toledo_0002.jpg,44.969,26.404,201.249,0.186,2,0.1411,2,1,1,2,2,1,1,3,2.332,1
Aaron_Peirsol_0001.jpg,55.707,19.09,89.851,0.1569,2,0.1448,2,1,1,1,2,1,1,1,0.216,0
Aaron_Peirsol_0003.jpg,52.96,18.16,421.19,0.1424,2,0.1433,2,1,1,1,2,1,1,1,0.234,0
Aaron_Peirsol_0004.jpg,39.48,27.361,155.437,0.1584,2,0.1341,2,1,1,1,2,1,1,3,0.337,0
Aaron_Sorkin_0002.jpg,40.884,23.935,150.119,0.1664,2,0.1936,2,1,1,1,2,1,1,1,0.277,0
Abdel_Nasser_Assidi_0002.jpg,37.796,21.302,1308.796,0.1602,2,0.1137,2,1,1,1,2,2,2,3,0.196,0
Abdoulaye_Wade_0001.jpg,52.567,31.532,115.31,0.2071,2,0.1695,2,1,1,1,2,1,1,1,0.292,0
Abdoulaye_Wade_0004.jpg,33.933,40.567,77.394,0.222,2,0.1886,2,1,1,1,2,1,1,6,0.163,0
Abdullah_0002.jpg,44.182,18.556,268.73,0.177,2,0.1308,2,1,1,1,2,2,2,3,0.391,0
Abdullah_0003.jpg,25.862,23.336,99.183,0.1702,2,0.1391,2,1,1,1,2,2,2,6,0.299,0
Abdullah_0004.jpg,52.463,21.73,259.577,0.1445,2,0.1128,2,1,1,1,2,2,2,6,0.247,0
Abdullah_al-Attiyah_0001.jpg,59.58,26.721,74.047,0.1624,2,0.1435,2,1,1,1,2,1,1,6,0.436,0
Abdullah_al-Attiyah_0003.jpg,43.779,23.04,153.339,0.1611,2,0.1302,2,1,1,1,2,1,1,2,0.214,0
Abdullah_Gul_0001.jpg,60.047,22.453,358.13,0.1523,2,0.1243,2,1,1,1,1,1,1,1,0.398,0
Abdullah_Gul_0002.jpg,33.311,18.822,175.539,0.1668,2,0.1475,2,1,1,1,2,2,2,1,0.189,0
Abdullah_Gul_0003.jpg,35.565,25.464,138.396,0.1699,2,0.1421,2,1,1,1,2,2,2,1,0.316,0
Abdullah_Gul_0004.jpg,47.311,18.03,350.857,0.153,2,0.1251,2,1,1,1,2,2,2,1,0.173,0
Abdullah_Gul_0005.jpg,55.591,21.302,185.407,0.1628,2,0.1498,2,1,1,1,2,1,1,1,0.415,0
Abdullah_Gul_0006.jpg,47.083,21.302,122.638,0.1702,2,0.1376,2,1,1,1,2,2,2,1,0.181,0
Abdullah_Gul_0007.jpg,41.824,24.085,168.408,0.1693,2,0.132,2,1,1,1,2,2,1,1,0.196,0
Abdullah_Gul_0008.jpg,43.613,23.188,174.928,0.1671,2,0.1213,2,1,1,1,2,2,2,1,0.222,0
Abdullah_Gul_0009.jpg,42.364,23.635,189.159,0.1698,2,0.1173,2,1,1,1,2,2,2,1,0.489,0
Abdullah_Gul_0010.jpg,39.386,23.935,1024.661,0.1736,2,0.1206,2,1,1,1,2,2,2,1,0.177,0
Abdullah_Gul_0011.jpg,38.781,26.721,281.295,0.1683,2,0.1313,2,1,1,1,2,1,1,1,0.191,0
Abdullah_Gul_0012.jpg,34.539,23.935,560.607,0.1599,2,0.1266,2,1,1,1,2,2,2,1,0.212,0
Abdullah_Gul_0013.jpg,45.513,22.453,514.578,0.1674,2,0.1343,2,1,1,1,2,2,2,1,0.179,0
Abdullah_Gul_0014.jpg,33.131,18.822,90.302,0.1656,2,0.1312,2,1,1,1,2,2,2,1,0.145,0
Abdullah_Gul_0015.jpg,42.018,15.031,101.861,0.1233,1,0.0897,1,1,1,1,2,2,2,1,0.203,0
Abdullah_Gul_0016.jpg,42.349,26.089,400.62,0.0782,1,0.0582,1,1,2,1,2,2,2,1,0.36,0
Abdullah_Gul_0017.jpg,38.421,17.254,167.098,0.1484,2,0.1268,2,1,1,1,1,1,1,1,0.288,0
Abdullah_Gul_0018.jpg,47.345,27.04,322.258,0.1611,2,0.1163,2,1,1,1,1,1,2,1,0.173,0
Abdullatif_Sener_0002.jpg,39.708,25.775,110.117,0.1553,2,0.1171,2,1,1,1,2,2,2,1,0.623,0
Abel_Pacheco_0001.jpg,47.218,29.997,150.163,0.1761,2,0.1441,2,1,2,1,2,1,1,1,0.485,0
Abel_Pacheco_0002.jpg,49.322,24.237,69.296,0.1735,2,0.1452,2,1,1,1,1,1,1,5,0.125,0
Abel_Pacheco_0004.jpg,52.602,23.336,370.892,0.1667,2,0.1405,2,1,1,1,2,1,1,5,0.445,0
Abid_Hamid_Mahmud_Al-Tikriti_0001.jpg,46.6,19.632,291.062,0.1491,2,0.1263,2,1,1,1,2,2,2,1,0.266,0
Abid_Hamid_Mahmud_Al-Tikriti_0003.jpg,30.192,17.64,45.016,0.1504,2,0.1217,2,1,1,1,1,2,2,1,0.264,0
Adam_Sandler_0001.jpg,37.652,26.404,105.124,0.16,2,0.1027,2,1,1,1,2,1,1,3,0.331,0
Adam_Sandler_0002.jpg,39.974,34.538,165.977,0.1676,2,0.1188,2,1,1,1,2,1,1,6,0.46,0
Adam_Sandler_0004.jpg,41.635,21.302,69.478,0.1414,2,0.1263,2,1,2,1,2,1,1,1,0.968,0
Adel_Al-Jubeir_0002.jpg,24.647,23.635,74.295,0.1442,2,0.1105,2,1,1,1,2,1,1,2,0.251,0
Adel_Al-Jubeir_0003.jpg,40.58,15.755,404.47,0.1161,1,0.0871,1,1,1,1,2,1,1,3,0.196,0
Adolfo_Aguilar_Zinser_0001.jpg,55.738,24.541,556.838,0.151,2,0.1047,2,1,1,1,2,1,1,3,0.518,0
Adolfo_Aguilar_Zinser_0002.jpg,58.472,23.935,419.844,0.1563,2,0.1332,2,1,1,1,2,1,1,5,0.364,0
Adrian_McPherson_0002.jpg,45.218,29.326,89.56,0.2037,2,0.1679,2,1,1,1,2,1,1,3,0.26,0
Adrian_Nastase_0002.jpg,40.577,26.404,103.345,0.1555,2,0.1059,2,1,1,1,2,1,1,2,0.788,0
Adrien_Brody_0001.jpg,29.614,30.335,89.544,0.157,2,0.1521,2,1,1,1,2,1,1,1,0.283,0
Adrien_Brody_0002.jpg,39.753,19.905,259.65,0.1512,2,0.109,2,1,2,1,2,1,1,1,0.213,0
Adrien_Brody_0003.jpg,40.846,19.905,333.742,0.1507,2,0.1404,2,1,2,1,2,1,1,1,0.329,0
Adrien_Brody_0004.jpg,37.979,26.721,66.362,0.179,2,0.1468,2,1,1,1,2,1,1,1,0.359,0
Adrien_Brody_0005.jpg,42.297,25.464,93.026,0.17,2,0.1115,2,1,1,1,2,1,1,3,0.229,0
Adrien_Brody_0006.jpg,42.998,21.874,406.603,0.158,2,0.1414,2,1,1,1,2,1,1,1,0.545,0
Adrien_Brody_0007.jpg,37.939,28.664,122.1,0.1718,2,0.1623,2,1,1,1,1,1,1,1,0.515,0
Adrien_Brody_0009.jpg,49.209,23.04,81.706,0.1785,2,0.1603,2,1,1,1,2,1,1,1,0.564,0
Adrien_Brody_0010.jpg,53.421,19.905,267.135,0.1457,2,0.1186,2,1,1,1,1,1,1,1,0.254,0
Adrien_Brody_0011.jpg,51.277,26.089,537.357,0.1688,2,0.1759,2,1,1,1,2,1,1,1,0.186,0
Adrien_Brody_0012.jpg,47.462,23.336,138.297,0.1563,2,0.1304,2,1,1,1,2,1,1,1,0.382,0
Ahmad_Masood_0002.jpg,34.087,20.181,263.429,0.1104,1,0.0869,1,1,1,1,1,1,1,1,0.944,0
Ahmed_Chalabi_0001.jpg,54.219,25.154,1132.289,0.1714,2,0.1363,2,1,1,1,2,1,1,3,0.567,0
Ahmed_Chalabi_0002.jpg,55.635,20.181,415.173,0.1397,2,0.1115,2,1,1,1,2,1,1,3,0.232,0
Ahmed_Chalabi_0003.jpg,48.874,22.453,118.664,0.1567,2,0.1278,2,1,1,1,2,1,1,0,0.261,0
Ahmed_Chalabi_0004.jpg,53.368,23.935,649.143,0.1502,2,0.1323,2,1,1,1,2,1,1,1,0.165,0
Ahmet_Necdet_Sezer_0002.jpg,57.501,22.746,102.604,0.1491,2,0.1426,2,1,1,1,2,1,1,1,0.652,0
Ai_Sugiyama_0001.jpg,31.676,34.719,94.127,0.1834,2,0.1833,2,1,1,2,2,1,1,1,0.231,0
Ai_Sugiyama_0002.jpg,39.316,26.089,163.654,0.1642,2,0.1697,2,1,1,2,2,1,1,1,0.102,0
Ai_Sugiyama_0004.jpg,42.251,27.361,150.256,0.1833,2,0.1684,2,1,1,2,2,1,1,1,0.327,0
Ai_Sugiyama_0005.jpg,34.74,20.738,233.961,0.1577,2,0.1495,2,1,1,2,2,1,1,1,0.418,0
Aicha_El_Ouafi_0001.jpg,34.642,24.846,77.207,0.1638,2,0.1375,2,1,1,2,2,1,1,6,0.319,0
Aicha_El_Ouafi_0003.jpg,45.047,26.089,1040.317,0.1841,2,0.1524,2,1,1,2,2,1,1,1,0.487,0
Aitor_Gonzalez_0002.jpg,40.092,22.746,475.682,0.1703,2,0.18,2,1,1,1,2,1,1,1,0.39,0
Akbar_Hashemi_Rafsanjani_0001.jpg,48.317,32.402,632.215,0.173,2,0.1206,2,1,1,1,2,1,1,0,0.496,0
Akbar_Hashemi_Rafsanjani_0003.jpg,52.811,18.292,390.048,0.138,2,0.113,2,1,1,1,2,1,1,4,0.555,0
Akhmed_Zakayev_0002.jpg,49.857,20.738,86.751,0.1451,2,0.1239,2,1,1,1,2,1,1,1,0.199,0
Akhmed_Zakayev_0003.jpg,44.419,20.181,216.147,0.1439,2,0.114,2,1,1,1,2,2,2,1,0.144,0
Al_Davis_0002.jpg,49.931,26.404,740.569,0.1701,2,0.1296,2,1,1,1,2,1,1,1,0.453,0
Al_Gore_0001.jpg,44.621,25.154,104.421,0.1653,2,0.1501,2,1,1,2,2,1,1,1,0.423,0
Al_Gore_0002.jpg,53.504,31.016,96.14,0.1759,2,0.1612,2,1,1,1,2,1,1,1,0.326,0
Al_Gore_0003.jpg,37.261,28.994,85.813,0.169,2,0.1334,2,1,1,1,2,1,1,3,0.379,0
Al_Gore_0005.jpg,50.228,24.541,98.286,0.1628,2,0.1343,2,1,1,1,2,1,1,3,0.372,0
Al_Gore_0006.jpg,50.255,25,219.976,0.1548,2,0.1364,2,1,1,1,2,1,1,3,0.3,0
Al_Gore_0007.jpg,52.218,25.775,189.969,0.1781,2,0.1519,2,1,1,1,2,1,1,1,0.494,0
Al_Pacino_0002.jpg,54.546,27.04,78.301,0.1537,2,0.1359,2,1,2,1,2,1,1,1,0.351,0
Al_Pacino_0003.jpg,64.094,25.464,314.391,0.1647,2,0.1691,2,1,1,1,2,1,1,1,0.405,0
Al_Sharpton_0001.jpg,37.287,36.185,65.054,0.2011,2,0.1741,2,1,1,1,2,2,1,3,0.286,0
Al_Sharpton_0002.jpg,30.916,23.336,218.166,0.1508,2,0.1392,2,1,1,1,2,1,1,1,0.244,0
Al_Sharpton_0004.jpg,41.282,50.519,209.865,0.2264,2,0.1815,2,1,1,1,2,1,1,1,0.224,0
Al_Sharpton_0005.jpg,32.646,25.154,168.331,0.1475,2,0.1369,2,1,1,1,2,1,1,1,0.159,0
Al_Sharpton_0006.jpg,26.209,26.404,319.958,0.1638,2,0.1313,2,1,1,1,2,2,2,3,0.154,0
Al_Sharpton_0007.jpg,27.559,27.361,167.909,0.1556,2,0.1242,2,1,1,1,2,1,1,3,0.227,0
Alan_Ball_0002.jpg,54.677,24.846,241.284,0.1829,2,0.1748,2,1,1,1,2,1,1,1,0.266,0
Alan_Greenspan_0001.jpg,45.008,22.746,326.911,0.1554,2,0.1303,2,1,2,1,2,1,1,1,0.468,0
Alan_Greenspan_0002.jpg,38.118,26.089,216.768,0.1702,2,0.1503,2,1,2,1,2,1,1,1,0.459,0
Alan_Greenspan_0003.jpg,38.788,22.453,120.442,0.1532,2,0.1298,2,1,2,1,2,1,1,1,0.467,0
Alan_Greenspan_0004.jpg,45.802,25.464,51.846,0.1595,2,0.126,2,1,2,1,2,1,1,1,0.506,0
Alan_Mulally_0002.jpg,60.205,26.721,221.623,0.1621,2,0.1552,2,1,1,1,2,1,1,1,0.27,0
Alastair_Campbell_0001.jpg,52.869,27.684,271.594,0.18,2,0.1239,2,1,1,1,2,1,1,1,0.501,0
Alastair_Campbell_0002.jpg,55.887,22.746,146.386,0.1234,1,0.0849,1,1,1,1,2,1,1,1,0.431,0
Alastair_Campbell_0004.jpg,48.279,25.775,96.63,0.1571,2,0.1375,2,1,1,1,2,1,1,1,0.394,0
Alastair_Campbell_0005.jpg,49.375,23.336,113.178,0.141,2,0.1169,2,1,1,1,2,1,1,1,0.343,0
Albert_Costa_0001.jpg,33.056,22.746,357.392,0.1421,2,0.1155,2,1,1,1,2,1,1,1,0.212,0
Albert_Costa_0003.jpg,45.4,21.874,268.56,0.1509,2,0.1281,2,1,1,1,2,2,2,1,0.308,0
Albert_Costa_0004.jpg,32.509,23.336,115.052,0.1467,2,0.1256,2,1,1,1,2,2,2,1,0.47,0
Albert_Costa_0005.jpg,32.842,21.587,433.492,0.145,2,0.1167,2,1,1,1,2,1,1,3,0.39,0
Albert_Costa_0006.jpg,53.242,24.541,466.5,0.1513,2,0.126,2,1,1,1,2,2,2,1,0.275,0
Alberto_Fujimori_0002.jpg,43.768,28.664,801.9,0.1575,2,0.1267,2,1,1,1,2,1,1,3,0.311,0
Alberto_Ruiz_Gallardon_0002.jpg,35.952,26.246,85.364,0.1366,2,0.1369,2,1,1,1,1,1,1,1,0.688,0
Albrecht_Mentz_0002.jpg,41.894,27.04,112.683,0.1576,2,0.1278,2,1,1,1,2,1,1,3,0.391,0
Alec_Baldwin_0001.jpg,39.04,28.994,241.066,0.177,2,0.1355,2,1,1,1,2,1,1,1,0.524,0
Alec_Baldwin_0004.jpg,39.255,28.009,179.944,0.1648,2,0.1199,2,1,1,1,2,1,1,3,0.521,0
Alejandro_Atchugarry_0002.jpg,50.582,20.738,307.283,0.1559,2,0.1253,2,1,1,1,2,2,2,2,0.49,0
Alejandro_Avila_0001.jpg,38.186,19.09,173.717,0.1636,2,0.1336,2,1,1,1,1,2,2,1,0.323,0
Alejandro_Toledo_0001.jpg,42.566,22.746,148.411,0.1484,2,0.1072,2,1,1,1,2,1,1,3,0.581,0
Alejandro_Toledo_0002.jpg,43.889,25.464,90.116,0.1546,2,0.1218,2,1,1,1,2,1,1,1,0.354,0
Alejandro_Toledo_0003.jpg,39.068,22.746,553.047,0.1533,2,0.1427,2,1,1,1,2,1,1,1,0.36,0
Alejandro_Toledo_0004.jpg,35.855,23.04,232.664,0.1618,2,0.1176,2,1,1,1,2,1,1,1,0.28,0
Alejandro_Toledo_0005.jpg,38.043,23.336,282.518,0.149,2,0.1244,2,1,2,1,1,1,1,5,0.366,0
Alejandro_Toledo_0006.jpg,34.041,23.635,152.138,0.1589,2,0.1364,2,1,2,1,2,1,1,1,0.352,0
Alejandro_Toledo_0008.jpg,26.474,25.154,85.63,0.1667,2,0.1364,2,1,1,1,2,1,1,1,0.27,0
Alejandro_Toledo_0009.jpg,49.869,23.485,346.017,0.1576,2,0.1416,2,1,1,1,2,1,1,1,0.373,0
Alejandro_Toledo_0010.jpg,38.096,20.181,54.909,0.1422,2,0.116,2,1,1,1,2,1,1,1,0.391,0
Alejandro_Toledo_0011.jpg,38.803,21.019,144.905,0.1541,2,0.1044,2,1,1,1,1,1,1,5,0.339,0
Alejandro_Toledo_0012.jpg,42.076,23.336,261.67,0.1766,2,0.1792,2,1,1,1,2,1,1,1,0.507,0
Alejandro_Toledo_0013.jpg,46.606,23.04,304.27,0.1572,2,0.1572,2,1,1,1,1,1,1,1,0.353,0
Alejandro_Toledo_0014.jpg,48.86,22.746,165.327,0.1591,2,0.1234,2,1,1,1,2,1,1,5,0.325,0
Alejandro_Toledo_0015.jpg,33.751,21.302,110.338,0.155,2,0.1555,2,1,1,1,2,1,1,1,0.234,0
Alejandro_Toledo_0016.jpg,39.234,25.154,204.667,0.1395,2,0.109,2,1,1,1,2,1,1,3,0.506,0
Alejandro_Toledo_0017.jpg,33.168,22.453,139.08,0.1565,2,0.1585,2,1,1,1,1,1,1,1,0.297,0
Alejandro_Toledo_0018.jpg,46.708,28.828,58.073,0.0969,1,0.1316,2,1,1,1,1,1,1,1,0.57,0
Alejandro_Toledo_0019.jpg,41.89,23.635,119.669,0.1638,2,0.1275,2,1,1,1,2,1,1,1,0.227,0
Alejandro_Toledo_0020.jpg,51.436,29.326,67.923,0.1486,2,0.1295,2,1,1,1,2,1,1,1,0.168,0
Alejandro_Toledo_0021.jpg,40.219,28.994,48.166,0.1749,2,0.1837,2,1,1,1,1,1,1,1,0.297,0
Alejandro_Toledo_0022.jpg,45.826,27.2,151.889,0.1689,2,0.1319,2,1,1,1,2,1,1,3,0.17,0
Alejandro_Toledo_0023.jpg,44.644,22.453,215.348,0.1775,2,0.1385,2,1,1,1,2,1,1,1,0.641,0
Alejandro_Toledo_0024.jpg,46.771,21.302,54.719,0.1706,2,0.1537,2,1,1,1,2,1,1,1,0.391,0
Alejandro_Toledo_0025.jpg,35.015,22.162,84.489,0.1621,2,0.1495,2,1,1,1,2,1,1,1,0.481,0
Alejandro_Toledo_0026.jpg,34.465,22.746,117.421,0.1583,2,0.1366,2,1,1,1,2,1,1,1,0.219,0
Alejandro_Toledo_0027.jpg,44.177,27.684,385.675,0.1735,2,0.1724,2,1,1,1,2,1,1,1,0.199,0
Alejandro_Toledo_0028.jpg,42.135,21.019,556.518,0.1599,2,0.1639,2,1,1,1,2,1,1,1,0.263,0
Alejandro_Toledo_0029.jpg,36.287,23.04,475.119,0.1577,2,0.1296,2,1,1,1,2,1,1,1,0.319,0
Alejandro_Toledo_0030.jpg,40.813,24.846,69.946,0.168,2,0.1312,2,1,1,1,2,1,1,1,0.353,0
Alejandro_Toledo_0031.jpg,42.574,18.556,62.306,0.1699,2,0.1602,2,1,2,1,1,1,1,1,0.832,0
Alejandro_Toledo_0032.jpg,43.133,21.16,166.35,0.1551,2,0.1472,2,1,1,1,2,1,1,1,0.439,0
Alejandro_Toledo_0033.jpg,37.835,28.664,119.574,0.1619,2,0.1279,2,1,2,1,2,1,1,1,0.415,0
Alejandro_Toledo_0034.jpg,41.064,23.935,76.375,0.1587,2,0.1233,2,1,1,1,2,1,1,1,0.436,0
Alejandro_Toledo_0035.jpg,41.633,21.302,85.418,0.1592,2,0.1474,2,1,1,1,2,1,1,1,0.218,0
Alejandro_Toledo_0036.jpg,44.393,24.541,218.446,0.1552,2,0.1208,2,1,1,1,2,1,1,4,0.302,0
Alejandro_Toledo_0037.jpg,38.728,21.302,202.647,0.1528,2,0.1245,2,1,1,1,2,1,1,4,0.404,0
Alejandro_Toledo_0038.jpg,34.543,24.237,840.839,0.166,2,0.1388,2,1,1,1,1,1,1,6,0.358,0
Alejandro_Toledo_0039.jpg,45.836,25.775,485.671,0.1561,2,0.1539,2,1,1,1,2,1,1,1,0.225,0
Aleksander_Kwasniewski_0001.jpg,43.932,25.931,150.036,0.1919,2,0.1671,2,1,1,1,1,1,1,1,0.692,0
Aleksander_Kwasniewski_0002.jpg,38.162,25.775,65.205,0.1633,2,0.161,2,1,1,1,2,1,1,1,0.592,0
Aleksander_Kwasniewski_0003.jpg,53.618,22.453,181.683,0.16,2,0.1061,2,1,1,1,1,1,1,2,0.461,0
Alex_Barros_0002.jpg,46.807,29.997,195.771,0.1973,2,0.175,2,1,1,1,1,1,1,1,0.603,0
Alex_Penelas_0002.jpg,42.024,28.664,467.114,0.1688,2,0.1428,2,1,1,1,2,1,1,3,0.179,0
Alex_Sink_0001.jpg,41.684,24.237,88.127,0.1738,2,0.1689,2,1,1,2,1,1,1,1,0.659,0
Alex_Sink_0003.jpg,33.388,27.361,232.735,0.1832,2,0.1447,2,1,1,2,2,1,1,6,0.573,0
Alexander_Downer_0001.jpg,47.043,25.464,59.984,0.167,2,0.1671,2,1,1,1,2,1,1,1,0.71,0
Alexander_Downer_0003.jpg,54.981,26.88,230.095,0.1617,2,0.1603,2,1,1,1,1,1,1,1,0.205,0
Alexander_Downer_0004.jpg,52.776,28.335,63.22,0.1811,2,0.168,2,1,2,1,1,1,1,1,0.246,0
Alexander_Losyukov_0001.jpg,55.251,34.901,35.362,0.1673,2,0.1454,2,1,1,1,1,1,1,1,0.597,0
Alexander_Losyukov_0003.jpg,38.3,28.335,118.164,0.1547,2,0.1307,2,1,1,1,1,2,1,5,0.725,0
Alexander_Losyukov_0004.jpg,42.254,18.292,66.339,0.1486,2,0.1204,2,1,1,1,2,1,1,3,0.962,0
Alexander_Rumyantsev_0002.jpg,40.649,24.237,45.327,0.143,2,0.1124,2,1,1,1,2,1,1,1,0.173,0
Alexandra_Stevenson_0001.jpg,35.476,20.458,90.298,0.1402,2,0.1205,2,1,1,2,2,1,1,1,0.554,0
Alexandra_Stevenson_0002.jpg,49.114,23.635,114.41,0.1662,2,0.1329,2,1,1,2,2,1,1,3,0.716,0
Alexandra_Vodjanikova_0002.jpg,39.953,20.319,494.627,0.1501,2,0.1461,2,1,1,2,2,1,1,1,0.663,0
Ali_Abbas_0002.jpg,53.423,23.784,117.521,0.1679,2,0.1262,2,1,1,1,2,1,1,1,0.364,0
Ali_Khamenei_0001.jpg,44.354,25.464,26.526,0.1798,2,0.1506,2,1,1,1,2,1,1,1,0.241,0
Ali_Khamenei_0003.jpg,42.943,23.336,131.014,0.1552,2,0.1257,2,1,2,1,1,1,1,0,0.334,0
Ali_Naimi_0001.jpg,52.967,30.675,479.638,0.1738,2,0.1358,2,1,1,1,2,1,1,0,0.306,0
Ali_Naimi_0002.jpg,44.76,29.661,154.931,0.1813,2,0.1352,2,1,1,1,2,1,1,3,0.53,0
Ali_Naimi_0003.jpg,25.71,38.249,424.321,0.1584,2,0.1126,2,1,1,1,1,2,2,1,0.264,0
Ali_Naimi_0004.jpg,51.672,23.935,162.065,0.1524,2,0.1182,2,1,1,1,2,1,1,5,0.216,0
Ali_Naimi_0005.jpg,42.702,32.754,313.221,0.1872,2,0.1501,2,1,1,1,2,1,1,1,0.311,0
Ali_Naimi_0007.jpg,38.053,30.335,322.157,0.1786,2,0.1385,2,1,2,1,2,1,1,2,0.402,0
Ali_Naimi_0008.jpg,39.27,28.335,941.833,0.1933,2,0.1967,2,1,2,1,2,1,1,1,0.303,0
Alice_Fisher_0002.jpg,49.367,18.292,43.475,0.1625,2,0.1161,2,1,1,2,2,1,1,6,0.142,0
Alicia_Silverstone_0002.jpg,36.619,24.237,109.314,0.1739,2,0.1359,2,1,1,2,2,1,1,1,0.447,0
Alimzhan_Tokhtakhounov_0002.jpg,55.312,27.684,508.976,0.171,2,0.1274,2,1,1,1,2,1,1,3,0.078,0
Alison_Lohman_0002.jpg,57.13,27.361,79.322,0.178,2,0.1178,2,1,1,2,2,1,1,6,0.619,0
Allen_Iverson_0002.jpg,27.79,23.04,133.113,0.1753,2,0.1453,2,1,1,1,2,2,2,3,0.61,0
Allison_Janney_0002.jpg,45.047,25.775,428.311,0.1812,2,0.1688,2,1,1,2,2,1,1,1,0.402,0
Allyson_Felix_0001.jpg,32.996,23.04,770.07,0.1691,2,0.1454,2,1,1,2,1,1,1,1,0.343,0
Allyson_Felix_0002.jpg,41.308,22.453,122.313,0.1766,2,0.1701,2,1,1,2,2,1,1,1,0.14,0
Allyson_Felix_0004.jpg,42.055,19.905,601.338,0.1606,2,0.1216,2,1,1,2,2,1,1,5,0.124,0
Allyson_Felix_0005.jpg,33.418,19.36,53.015,0.1741,2,0.1396,2,1,1,2,2,1,1,1,0.245,0
Alvaro_Noboa_0001.jpg,50.146,21.302,498.087,0.1772,2,0.1595,2,1,1,1,2,1,1,1,0.466,0
Alvaro_Noboa_0002.jpg,32.798,22.453,662.087,0.1651,2,0.1424,2,1,1,1,1,1,1,1,0.57,0
Alvaro_Silva_Calderon_0001.jpg,30.063,22.746,152.683,0.157,2,0.1423,2,1,1,1,2,1,1,1,0.402,0
Alvaro_Silva_Calderon_0002.jpg,41.144,19.36,267.3,0.1542,2,0.1403,2,1,2,1,2,1,1,1,0.432,0
Alvaro_Silva_Calderon_0004.jpg,52.284,29.326,468.652,0.1699,2,0.1302,2,1,1,1,2,1,1,0,0.205,0
Alvaro_Uribe_0001.jpg,44.552,27.684,303.322,0.1625,2,0.1083,2,1,2,1,1,1,1,2,0.604,0
Alvaro_Uribe_0002.jpg,50.931,23.935,90.189,0.164,2,0.1292,2,1,2,1,2,1,1,1,0.962,0
Alvaro_Uribe_0003.jpg,46.023,25.775,222.872,0.1676,2,0.1064,2,1,2,1,2,1,1,3,0.627,0
Alvaro_Uribe_0004.jpg,36.921,25.464,67.755,0.1465,2,0.1248,2,1,2,1,1,1,1,0,0.605,0
Alvaro_Uribe_0005.jpg,57.302,18.956,167.123,0.1701,2,0.1312,2,1,2,1,2,1,1,1,0.46,0
Alvaro_Uribe_0006.jpg,53.676,23.336,703.66,0.1646,2,0.1138,2,1,2,1,2,1,1,5,0.489,0
Alvaro_Uribe_0007.jpg,48.556,20.458,164.025,0.1449,2,0.1065,2,1,2,1,2,1,1,3,0.512,0
Alvaro_Uribe_0008.jpg,42.048,21.302,361.763,0.1438,2,0.1051,2,1,2,1,1,1,1,1,0.476,0
Alvaro_Uribe_0009.jpg,40.71,22.746,152.427,0.1774,2,0.1219,2,1,2,1,2,1,1,1,0.682,0
Alvaro_Uribe_0010.jpg,32.517,19.09,220.846,0.1474,2,0.1094,2,1,2,1,2,1,1,3,0.395,0
Alvaro_Uribe_0011.jpg,47.557,16.747,291.994,0.1338,2,0.1074,2,1,2,1,2,1,1,1,0.546,0
Alvaro_Uribe_0012.jpg,45.246,29.661,69.419,0.1611,2,0.1533,2,1,2,1,1,1,1,1,0.54,0
Alvaro_Uribe_0013.jpg,56.609,30.335,33.799,0.1515,2,0.1183,2,1,2,1,2,1,1,1,0.636,0
Alvaro_Uribe_0014.jpg,52.142,25.464,508.209,0.1679,2,0.1342,2,1,2,1,1,1,1,2,0.658,0
Alvaro_Uribe_0015.jpg,36.191,23.935,464.286,0.1505,2,0.1261,2,1,2,1,2,1,1,1,0.662,0
Alvaro_Uribe_0016.jpg,42.029,21.302,128.706,0.1611,2,0.113,2,1,2,1,1,1,1,0,0.723,0
Alvaro_Uribe_0017.jpg,42.772,19.632,131.776,0.1452,2,0.1039,2,1,2,1,2,1,1,6,0.66,0
Alvaro_Uribe_0018.jpg,45.125,19.905,127.541,0.1556,2,0.1353,2,2,2,1,2,1,1,1,0.778,0
Alvaro_Uribe_0019.jpg,47.479,25.154,245.766,0.1656,2,0.1246,2,1,2,1,2,1,1,5,0.612,0
Alvaro_Uribe_0021.jpg,51.033,21.019,136.391,0.1578,2,0.1166,2,1,2,1,2,1,1,1,0.354,0
Alvaro_Uribe_0022.jpg,54.53,18.292,142.833,0.1445,2,0.1267,2,1,2,1,2,1,1,1,0.462,0
Alvaro_Uribe_0023.jpg,52.296,19.632,283.927,0.1401,2,0.1178,2,1,2,1,2,1,1,0,0.467,0
Alvaro_Uribe_0024.jpg,41.333,26.721,63.734,0.1663,2,0.127,2,1,2,1,2,1,1,3,0.303,0
Alvaro_Uribe_0025.jpg,43.194,20.181,90.073,0.1628,2,0.141,2,1,2,1,2,1,1,1,0.358,0
Alvaro_Uribe_0026.jpg,33.923,21.444,381.29,0.1543,2,0.1194,2,1,2,1,2,1,1,3,0.729,0
Alvaro_Uribe_0027.jpg,58.205,23.336,219.308,0.1545,2,0.105,2,1,1,1,2,1,1,2,0.473,0
Alvaro_Uribe_0028.jpg,52.391,22.746,235.147,0.1553,2,0.1235,2,1,2,1,2,1,1,1,0.425,0
Alvaro_Uribe_0029.jpg,40.476,19.36,226.128,0.1496,2,0.1191,2,1,2,1,2,1,1,3,0.518,0
Alvaro_Uribe_0030.jpg,47.374,20.458,89.3,0.1525,2,0.1313,2,1,2,1,2,1,1,1,0.542,0
Alvaro_Uribe_0031.jpg,52.923,23.635,113.539,0.1461,2,0.1224,2,1,1,1,2,1,1,1,0.899,0
Alvaro_Uribe_0032.jpg,48.506,17,560.194,0.1365,2,0.1099,2,1,2,1,2,1,1,1,0.345,0
Alvaro_Uribe_0033.jpg,36.585,25.464,113.183,0.1628,2,0.1267,2,2,2,1,1,1,1,5,0.492,0
Alvaro_Uribe_0034.jpg,51.022,19.225,495.043,0.1508,2,0.1341,2,1,2,1,1,1,1,5,0.699,0
Alvaro_Uribe_0035.jpg,59.186,19.905,76.846,0.1414,2,0.1061,2,2,2,1,1,1,1,1,0.587,0
Amanda_Beard_0002.jpg,47.246,26.721,501.509,0.1735,2,0.1691,2,1,1,2,2,1,1,1,0.212,0
Amanda_Bynes_0001.jpg,48.998,25.464,283.62,0.1806,2,0.172,2,1,1,2,2,1,1,1,0.601,0
Amanda_Bynes_0003.jpg,46.922,23.336,530.103,0.1528,2,0.0989,2,1,1,2,1,1,1,3,0.326,0
Amanda_Bynes_0004.jpg,42.106,21.16,217.054,0.1305,2,0.0998,2,1,1,2,2,1,1,6,0.7,0
Amanda_Coetzer_0002.jpg,40.803,16.747,297.72,0.1541,2,0.101,2,1,1,2,2,1,1,6,0.669,0
Amber_Tamblyn_0002.jpg,27.954,35.265,158.514,0.1707,2,0.1442,2,1,1,2,2,1,1,1,0.578,0
Amelia_Vega_0001.jpg,37.751,24.237,128.365,0.1721,2,0.1435,2,1,1,2,2,1,1,1,0.195,0
Amelia_Vega_0002.jpg,39.842,26.721,128.648,0.1842,2,0.1631,2,1,1,2,2,1,1,1,0.124,0
Amelia_Vega_0003.jpg,36.375,25.464,157.342,0.1711,2,0.1535,2,1,1,2,2,1,1,1,0.393,0
Amelia_Vega_0004.jpg,47.502,25.775,138.275,0.1789,2,0.1674,2,1,1,2,2,1,1,1,0.387,0
Amelia_Vega_0006.jpg,34.433,22.453,271.776,0.1619,2,0.1457,2,1,1,2,2,1,1,1,0.415,0
Amelia_Vega_0007.jpg,33.186,28.009,577.689,0.1782,2,0.1697,2,1,1,2,2,1,1,1,0.29,0
Amelie_Mauresmo_0001.jpg,37.675,20.738,215.43,0.1605,2,0.1402,2,1,1,2,2,1,1,1,0.953,0
Amelie_Mauresmo_0003.jpg,40.53,24.237,88.815,0.1546,2,0.1243,2,1,1,1,2,1,1,6,0.394,0
Amelie_Mauresmo_0004.jpg,44.779,27.361,66.361,0.1601,2,0.1487,2,1,1,1,2,1,1,1,0.347,0
Amelie_Mauresmo_0006.jpg,37.652,22.453,113.402,0.1494,2,0.1183,2,1,1,2,2,1,1,6,0.243,0
Amelie_Mauresmo_0007.jpg,42.854,19.632,188.44,0.1494,2,0.1247,2,1,1,1,2,1,1,6,0.268,0
Amelie_Mauresmo_0008.jpg,41.312,22.018,326.039,0.1507,2,0.1394,2,1,1,2,2,1,1,1,0.299,0
Amelie_Mauresmo_0009.jpg,47.289,24.541,106.276,0.1571,2,0.1336,2,1,1,0,2,1,1,6,0.44,0
Amelie_Mauresmo_0010.jpg,40.981,29.828,142.4,0.1865,2,0.1653,2,1,1,2,2,1,1,1,0.482,0
Amelie_Mauresmo_0011.jpg,39.621,30.845,346.821,0.1478,2,0.1115,2,1,1,1,2,1,1,6,0.644,0
Amelie_Mauresmo_0012.jpg,42.882,28.664,132.538,0.1706,2,0.1684,2,1,1,2,2,1,1,1,0.516,0
Amelie_Mauresmo_0013.jpg,40.94,17.511,165.014,0.1435,2,0.1209,2,1,1,2,2,1,1,6,0.216,0
Amelie_Mauresmo_0015.jpg,29.573,16.496,366.297,0.1303,2,0.1242,2,1,1,0,1,1,1,6,0.539,0
Amelie_Mauresmo_0016.jpg,52.415,24.541,164.552,0.1497,2,0.1187,2,1,1,2,2,1,1,3,0.327,0
Amelie_Mauresmo_0017.jpg,44.747,19.09,286.869,0.1454,2,0.1308,2,1,1,1,2,1,1,3,0.387,0
Amelie_Mauresmo_0018.jpg,46.154,16.747,203.255,0.1402,2,0.1238,2,1,1,1,2,1,1,3,0.742,0
Amelie_Mauresmo_0019.jpg,34.895,21.302,348.835,0.1515,2,0.1297,2,1,1,1,2,1,1,6,0.637,0
Amelie_Mauresmo_0020.jpg,34.958,25.464,106.327,0.1507,2,0.1382,2,1,1,1,2,1,1,6,0.366,0
Amelie_Mauresmo_0021.jpg,43.878,25.464,297.442,0.1439,2,0.1175,2,1,1,1,2,1,2,6,0.624,0
Amer_al-Saadi_0001.jpg,54.577,28.994,93.533,0.1705,2,0.1392,2,1,1,1,2,1,1,1,0.161,0
Amer_al-Saadi_0003.jpg,38.641,25.464,50.686,0.1613,2,0.1311,2,1,1,1,1,1,1,2,0.121,0
Amer_al-Saadi_0004.jpg,46.276,25.464,117.464,0.1592,2,0.1236,2,1,1,1,2,1,1,1,0.423,0
Amram_Mitzna_0002.jpg,50.463,27.522,280.388,0.1596,2,0.1601,2,1,1,1,1,1,2,1,0.075,0
Ana_Guevara_0001.jpg,28.235,32.053,517.65,0.1814,2,0.1699,2,1,1,2,2,1,1,1,0.378,0
Ana_Guevara_0002.jpg,48.783,19.632,312.006,0.1574,2,0.1324,2,1,1,1,2,1,1,1,0.732,0
Ana_Guevara_0003.jpg,37.368,21.302,175.925,0.1569,2,0.1537,2,1,1,2,2,1,1,1,0.444,0
Ana_Guevara_0004.jpg,40.818,23.04,133.054,0.1702,2,0.1613,2,1,1,2,2,1,1,1,0.892,0
Ana_Guevara_0006.jpg,49.05,22.453,97.926,0.1714,2,0.1624,2,1,1,2,2,1,1,1,0.129,0
Ana_Guevara_0007.jpg,49.409,20.181,97.197,0.1506,2,0.1275,2,1,1,2,2,1,1,1,0.144,0
Ana_Palacio_0002.jpg,51.437,23.04,481.544,0.1567,2,0.1218,2,1,1,2,2,1,1,3,0.404,0
Ana_Palacio_0003.jpg,38.16,31.016,92.64,0.1689,2,0.1243,2,1,1,2,2,1,1,6,0.684,0
Ana_Palacio_0004.jpg,37.869,24.846,154.413,0.1747,2,0.1483,2,1,1,2,2,1,1,3,0.336,0
Ana_Palacio_0005.jpg,39.613,26.089,104.825,0.1699,2,0.1299,2,1,1,2,2,1,1,6,0.468,0
Ana_Palacio_0007.jpg,39.128,28.664,19.381,0.1606,2,0.1246,2,1,1,2,2,1,1,6,0.24,0
Ana_Palacio_0008.jpg,31.904,29.326,142.236,0.1714,2,0.1217,2,1,1,2,2,1,1,2,0.951,0
Anastasia_Myskina_0001.jpg,35.222,23.336,314.566,0.1677,2,0.1135,2,1,1,2,2,1,1,1,0.647,0
Anastasia_Myskina_0003.jpg,40.517,20.738,146.815,0.1679,2,0.1172,2,1,1,2,2,1,1,6,0.674,0
Anders_Ebbeson_0002.jpg,48.507,28.994,101.626,0.1992,2,0.1959,2,1,1,1,1,1,1,1,0.382,0
Anders_Ebbeson_0003.jpg,56.059,33.107,274.447,0.1706,2,0.1667,2,1,1,1,1,1,1,1,0.404,0
Anders_Fogh_Rasmussen_0002.jpg,31.193,24.237,261.271,0.1867,2,0.1742,2,1,1,1,2,1,1,1,0.425,0
Anders_Fogh_Rasmussen_0003.jpg,44.042,28.335,152.83,0.1743,2,0.1362,2,1,1,1,2,1,1,2,0.476,0
Anders_Fogh_Rasmussen_0004.jpg,49.425,27.04,113.572,0.1459,2,0.1516,2,1,1,1,2,1,1,1,0.303,0
Andre_Agassi_0002.jpg,41.597,23.635,365.061,0.1592,2,0.1784,2,1,1,1,2,1,1,1,0.573,0
Andre_Agassi_0003.jpg,34.113,12.089,420.441,0.0937,1,0.0825,1,1,1,1,2,1,2,1,0.439,0
Andre_Agassi_0004.jpg,29.847,20.181,214.255,0.1389,2,0.141,2,1,1,1,2,1,1,1,0.511,0
Andre_Agassi_0005.jpg,26.181,20.181,143.443,0.1474,2,0.1275,2,1,1,1,2,1,1,5,0.868,0
Andre_Agassi_0006.jpg,37.412,20.458,101.299,0.1609,2,0.1194,2,1,1,1,2,1,1,3,0.515,0
Andre_Agassi_0007.jpg,42.191,24.237,85.783,0.1546,2,0.1635,2,1,1,1,2,1,1,1,0.542,0
Andre_Agassi_0008.jpg,50.838,25.154,62.312,0.1703,2,0.1576,2,1,1,1,2,1,1,1,0.742,0
Andre_Agassi_0009.jpg,42.467,22.162,222.841,0.1521,2,0.1437,2,1,1,1,2,1,1,1,0.538,0
Andre_Agassi_0010.jpg,46.114,18.822,52.515,0.1577,2,0.1366,2,1,1,1,2,1,1,1,0.299,0
Andre_Agassi_0011.jpg,41.345,20.738,72.092,0.167,2,0.1437,2,1,1,1,2,1,1,1,0.365,0
Andre_Agassi_0012.jpg,46.922,30.675,185.167,0.1912,2,0.1264,2,1,1,1,2,1,1,1,0.895,0
Andre_Agassi_0013.jpg,40.329,23.04,238.928,0.1575,2,0.1356,2,1,1,1,1,1,1,1,0.865,0
Andre_Agassi_0014.jpg,38.547,18.292,367.992,0.1542,2,0.1242,2,1,1,1,2,1,1,5,0.475,0
Andre_Agassi_0015.jpg,46.699,19.36,247.853,0.1494,2,0.1412,2,1,1,1,2,1,1,1,0.307,0
Andre_Agassi_0016.jpg,46.189,23.336,167.595,0.1619,2,0.158,2,1,1,1,2,1,1,1,0.892,0
Andre_Agassi_0017.jpg,41.812,23.336,348.281,0.1732,2,0.1508,2,1,1,1,2,1,1,1,0.172,0
Andre_Agassi_0018.jpg,47.193,17.769,57.361,0.1768,2,0.1752,2,1,1,1,2,1,2,1,0.512,0
Andre_Agassi_0019.jpg,48.024,21.019,198.927,0.1595,2,0.1623,2,1,1,1,2,1,2,1,0.473,0
Andre_Agassi_0020.jpg,52.48,20.181,83.568,0.1483,2,0.1328,2,1,1,1,2,1,1,1,0.586,0
Andre_Agassi_0021.jpg,41.019,18.292,68.669,0.1507,2,0.1199,2,1,1,1,2,1,1,1,0.251,0
Andre_Agassi_0022.jpg,37.799,18.822,270.424,0.1447,2,0.13,2,1,1,1,2,1,1,1,0.341,0
Andre_Agassi_0024.jpg,55.491,24.085,95.883,0.1564,2,0.1772,2,1,1,1,2,1,1,1,0.195,0
Andre_Agassi_0025.jpg,35.052,22.162,243.081,0.1619,2,0.1563,2,1,1,1,2,1,1,1,0.227,0
Andre_Agassi_0026.jpg,39.977,28.009,99.077,0.1881,2,0.2057,2,1,1,1,2,1,1,1,0.301,0
Andre_Agassi_0027.jpg,46.642,22.453,99.653,0.1637,2,0.1783,2,1,1,1,2,1,1,1,0.419,0
Andre_Agassi_0028.jpg,48.69,23.935,182.734,0.1747,2,0.1815,2,1,1,1,2,1,1,1,0.291,0
